CustomerID,Recency,Frequency,Monetary,AvgOrderValue,UniqueProducts,Cluster,Segment
10000,13,65,13751.91,211.56784615384615,65,3,💛 Loyal Customers
10001,22,3,133.26999999999998,44.423333333333325,3,2,🔵 Potential
10002,310,5,248.07,49.614,5,0,⚠️  At Risk
10003,60,33,4057.16,122.94424242424242,32,2,🔵 Potential
10004,13,43,8721.75,202.83139534883722,43,3,💛 Loyal Customers
10005,12,96,14997.86,156.22770833333334,96,3,💛 Loyal Customers
10006,2,186,60848.87,327.14446236559144,186,1,🏆 Champions
10007,26,1,303.36,303.36,1,2,🔵 Potential
10008,304,2,167.04,83.52,2,0,⚠️  At Risk
10009,195,6,654.73,109.12166666666667,6,0,⚠️  At Risk
10010,1,175,68935.93000000001,393.91960000000006,173,1,🏆 Champions
10011,31,5,295.19,59.038,5,2,🔵 Potential
10012,8,11,651.58,59.23454545454546,11,2,🔵 Potential
10013,13,56,14006.01,250.10732142857142,56,3,💛 Loyal Customers
10014,26,52,8502.84,163.51615384615386,52,3,💛 Loyal Customers
10015,11,52,8587.76,165.14923076923077,52,3,💛 Loyal Customers
10016,16,49,9197.38,187.7016326530612,49,3,💛 Loyal Customers
10017,81,25,2952.04,118.0816,25,2,🔵 Potential
10018,66,27,1917.13,71.00481481481482,27,2,🔵 Potential
10019,16,38,6791.45,178.72236842105264,38,3,💛 Loyal Customers
10020,228,2,238.35999999999999,119.17999999999999,2,0,⚠️  At Risk
10021,2,101,37017.07,366.50564356435643,100,1,🏆 Champions
10022,10,36,8213.59,228.15527777777777,36,3,💛 Loyal Customers
10023,10,62,9310.13,150.1633870967742,62,3,💛 Loyal Customers
10024,83,23,1866.32,81.14434782608696,23,2,🔵 Potential
10025,170,6,320.45,53.40833333333333,6,0,⚠️  At Risk
10026,14,61,10892.61,178.56737704918035,61,3,💛 Loyal Customers
10027,84,29,4219.01,145.48310344827587,29,2,🔵 Potential
10028,74,30,4110.27,137.00900000000001,30,2,🔵 Potential
10029,1,150,53663.74,357.75826666666666,148,1,🏆 Champions
10030,215,10,818.06,81.806,10,0,⚠️  At Risk
10031,14,44,8599.43,195.4415909090909,44,3,💛 Loyal Customers
10032,1,96,36967.9,385.08229166666666,95,1,🏆 Champions
10033,33,2,386.90999999999997,193.45499999999998,2,2,🔵 Potential
10034,18,5,245.91,49.182,5,2,🔵 Potential
10035,26,7,144.78,20.68285714285714,7,2,🔵 Potential
10036,12,69,14465.8,206.6542857142857,70,3,💛 Loyal Customers
10037,2,115,54350.45,472.61260869565217,115,1,🏆 Champions
10038,289,2,325.73,162.865,2,0,⚠️  At Risk
10039,65,42,4501.38,107.17571428571429,42,2,🔵 Potential
10040,3,108,43454.31,402.3547222222222,107,1,🏆 Champions
10041,65,31,2997.87,96.70548387096774,31,2,🔵 Potential
10042,4,103,31518.22,306.0021359223301,101,1,🏆 Champions
10043,16,6,357.81,59.635,6,2,🔵 Potential
10044,10,38,11162.01,293.7371052631579,38,3,💛 Loyal Customers
10045,173,6,376.63,62.77166666666667,6,0,⚠️  At Risk
10046,12,60,9912.98,165.21633333333332,60,3,💛 Loyal Customers
10047,75,29,2752.54,94.9151724137931,29,2,🔵 Potential
10048,77,29,3117.92,107.51448275862069,29,2,🔵 Potential
10049,10,79,14344.43,181.57506329113923,79,3,💛 Loyal Customers
10050,19,1,801.84,801.84,1,3,💛 Loyal Customers
10051,335,2,325.32,162.66,2,0,⚠️  At Risk
10052,22,9,893.5,99.27777777777777,9,2,🔵 Potential
10053,29,6,208.64000000000001,34.77333333333333,6,2,🔵 Potential
10054,85,29,3126.45,107.80862068965517,29,2,🔵 Potential
10055,16,9,1366.3899999999999,151.8211111111111,9,2,🔵 Potential
10056,1,133,42954.16,322.9636090225564,132,1,🏆 Champions
10057,11,43,8993.85,209.1593023255814,43,3,💛 Loyal Customers
10058,3,124,40032.11,322.8395967741936,124,1,🏆 Champions
10059,18,52,10059.64,193.45461538461538,52,3,💛 Loyal Customers
10060,11,64,10517.13,164.33015625,64,3,💛 Loyal Customers
10061,11,80,12679.25,158.490625,80,3,💛 Loyal Customers
10062,24,3,406.53,135.51,3,2,🔵 Potential
10063,10,83,13015.23,156.81,82,3,💛 Loyal Customers
10064,11,70,14937.69,213.39557142857143,70,3,💛 Loyal Customers
10065,89,21,3669.01,174.71476190476193,21,2,🔵 Potential
10066,2,144,57423.77,398.7761805555555,143,1,🏆 Champions
10067,5,7,616.9300000000001,88.13285714285715,7,2,🔵 Potential
10068,1,154,52851.88,343.194025974026,152,1,🏆 Champions
10069,5,7,545.24,77.89142857142858,7,2,🔵 Potential
10070,208,7,833.97,119.13857142857144,7,0,⚠️  At Risk
10071,10,59,9797.97,166.0672881355932,59,3,💛 Loyal Customers
10072,3,175,58217.53,332.6716,174,1,🏆 Champions
10073,16,4,298.48,74.62,4,2,🔵 Potential
10074,220,7,614.38,87.76857142857143,7,0,⚠️  At Risk
10075,198,12,443.65,36.97083333333333,12,0,⚠️  At Risk
10076,342,8,543.1,67.8875,8,0,⚠️  At Risk
10077,1,179,69839.25,390.16340782122904,179,1,🏆 Champions
10078,15,69,14062.37,203.80246376811596,68,3,💛 Loyal Customers
10079,1,139,45058.57,324.16237410071943,138,1,🏆 Champions
10080,3,6,894.9,149.15,6,2,🔵 Potential
10081,178,6,329.49,54.915,6,0,⚠️  At Risk
10082,20,69,9367.960000000001,135.76753623188407,67,3,💛 Loyal Customers
10083,1,196,63602.58,324.50295918367345,194,1,🏆 Champions
10084,16,66,14417.27,218.44348484848484,65,3,💛 Loyal Customers
10085,13,43,10751.7,250.03953488372096,43,3,💛 Loyal Customers
10086,183,18,562.76,31.264444444444443,18,0,⚠️  At Risk
10087,280,6,269.28,44.879999999999995,6,0,⚠️  At Risk
10088,18,7,237.89,33.98428571428571,7,2,🔵 Potential
10089,74,32,3552.1,111.003125,32,2,🔵 Potential
10090,1,127,52559.61,413.8551968503937,127,1,🏆 Champions
10091,156,13,608.6,46.815384615384616,13,0,⚠️  At Risk
10092,167,8,480.39,60.04875,8,0,⚠️  At Risk
10093,63,30,2631.84,87.72800000000001,30,2,🔵 Potential
10094,227,16,539.96,33.7475,16,0,⚠️  At Risk
10095,67,25,4921.3,196.852,25,2,🔵 Potential
10096,70,24,3927.04,163.62666666666667,24,2,🔵 Potential
10097,62,13,2516.0699999999997,193.54384615384612,13,2,🔵 Potential
10098,1,185,61864.42,334.40227027027026,184,1,🏆 Champions
10099,2,173,64636.13,373.61924855491327,172,1,🏆 Champions
10100,1,81,29253.93,361.15962962962965,81,3,💛 Loyal Customers
10101,159,1,298.5,298.5,1,2,🔵 Potential
10102,12,50,11624.33,232.4866,50,3,💛 Loyal Customers
10103,78,42,3982.85,94.82976190476191,41,2,🔵 Potential
10104,5,10,1072.99,107.299,10,2,🔵 Potential
10105,13,67,9798.99,146.25358208955222,67,3,💛 Loyal Customers
10106,70,25,4143.07,165.72279999999998,25,2,🔵 Potential
10107,331,5,285.04,57.008,5,0,⚠️  At Risk
10108,13,87,13644.86,156.83747126436782,87,3,💛 Loyal Customers
10109,2,141,59678.99,423.25524822695036,140,1,🏆 Champions
10110,10,52,9512.42,182.93115384615385,52,3,💛 Loyal Customers
10111,12,79,12408.0,157.0632911392405,79,3,💛 Loyal Customers
10112,23,7,559.81,79.97285714285714,7,2,🔵 Potential
10113,26,6,379.46,63.24333333333333,6,2,🔵 Potential
10114,230,17,847.36,49.84470588235294,17,0,⚠️  At Risk
10115,3,5,821.14,164.228,5,2,🔵 Potential
10116,11,7,1249.74,178.53428571428572,7,2,🔵 Potential
10117,14,65,11044.24,169.9113846153846,65,3,💛 Loyal Customers
10118,27,7,554.91,79.27285714285713,7,2,🔵 Potential
10119,80,32,3264.62,102.019375,32,2,🔵 Potential
10120,13,11,1053.77,95.79727272727273,11,2,🔵 Potential
10121,36,4,314.6,78.65,4,2,🔵 Potential
10122,16,98,13961.289999999999,142.46214285714285,97,3,💛 Loyal Customers
10123,3,125,41925.45,335.4036,124,1,🏆 Champions
10124,14,54,8807.57,163.10314814814814,54,3,💛 Loyal Customers
10125,60,29,4385.76,151.23310344827587,28,2,🔵 Potential
10126,3,14,1052.97,75.21214285714287,14,2,🔵 Potential
10127,18,3,456.22999999999996,152.07666666666665,3,2,🔵 Potential
10128,1,149,46486.85,311.9922818791946,147,1,🏆 Champions
10129,75,35,4298.68,122.81942857142857,35,2,🔵 Potential
10130,68,21,2865.24,136.44,21,2,🔵 Potential
10131,14,57,10318.85,181.0324561403509,57,3,💛 Loyal Customers
10132,1,104,42904.82,412.5463461538462,104,1,🏆 Champions
10133,11,42,7520.12,179.0504761904762,42,3,💛 Loyal Customers
10134,44,6,362.45,60.40833333333333,6,2,🔵 Potential
10135,10,60,14439.77,240.66283333333334,60,3,💛 Loyal Customers
10136,83,19,2512.02,132.21157894736842,19,2,🔵 Potential
10137,213,12,426.88,35.57333333333333,12,0,⚠️  At Risk
10138,12,39,8264.81,211.9182051282051,39,3,💛 Loyal Customers
10139,11,14,538.9,38.49285714285714,14,2,🔵 Potential
10140,42,2,514.59,257.295,2,2,🔵 Potential
10141,11,59,11210.81,190.0137288135593,58,3,💛 Loyal Customers
10142,82,21,1918.73,91.36809523809524,21,2,🔵 Potential
10143,11,45,6524.5,144.98888888888888,45,3,💛 Loyal Customers
10144,12,49,8467.45,172.80510204081634,49,3,💛 Loyal Customers
10145,1,107,37341.25,348.98364485981307,107,1,🏆 Champions
10146,294,8,767.11,95.88875,8,0,⚠️  At Risk
10147,84,42,4249.4,101.17619047619047,42,2,🔵 Potential
10148,1,127,45012.49,351.660078125,127,1,🏆 Champions
10149,12,51,7492.39,146.90960784313725,51,3,💛 Loyal Customers
10150,6,3,678.6,226.20000000000002,3,2,🔵 Potential
10151,13,47,9355.23,199.04744680851064,47,3,💛 Loyal Customers
10152,2,104,39927.31,383.9164423076923,103,1,🏆 Champions
10153,60,35,4505.58,128.73085714285713,35,2,🔵 Potential
10154,15,7,964.36,137.7657142857143,6,2,🔵 Potential
10155,10,41,8229.96,200.73073170731706,39,3,💛 Loyal Customers
10156,233,4,405.53000000000003,101.38250000000001,4,0,⚠️  At Risk
10157,195,6,567.68,94.61333333333333,6,0,⚠️  At Risk
10158,11,45,8136.37,180.8082222222222,45,3,💛 Loyal Customers
10159,152,11,406.93,36.99363636363636,11,0,⚠️  At Risk
10160,11,43,8834.1,205.44418604651165,43,3,💛 Loyal Customers
10161,171,12,505.92,42.160000000000004,12,0,⚠️  At Risk
10162,230,13,686.7,52.823076923076925,13,0,⚠️  At Risk
10163,68,39,4069.85,104.3551282051282,39,2,🔵 Potential
10164,1,175,65914.74,374.5155681818182,175,1,🏆 Champions
10165,32,4,318.24,79.56,4,2,🔵 Potential
10166,10,44,7849.42,178.3959090909091,44,3,💛 Loyal Customers
10167,17,33,8832.29,267.64515151515155,33,3,💛 Loyal Customers
10168,1,146,48835.51,334.48979452054795,146,1,🏆 Champions
10169,64,29,3773.64,130.1255172413793,29,2,🔵 Potential
10170,174,16,533.3299999999999,33.333124999999995,16,0,⚠️  At Risk
10171,1,135,41959.72,308.5273529411765,135,1,🏆 Champions
10172,68,34,2957.36,86.98117647058824,34,2,🔵 Potential
10173,11,81,11795.91,145.62851851851852,80,3,💛 Loyal Customers
10174,153,1,43.84,43.84,1,0,⚠️  At Risk
10175,10,47,10811.27,230.02702127659575,47,3,💛 Loyal Customers
10176,223,2,207.17999999999998,103.58999999999999,2,0,⚠️  At Risk
10177,15,36,6549.29,181.92472222222221,36,3,💛 Loyal Customers
10178,9,11,975.82,88.7109090909091,11,2,🔵 Potential
10179,1,85,41757.25,485.5494186046512,86,1,🏆 Champions
10180,13,70,12311.97,175.88528571428571,70,3,💛 Loyal Customers
10181,1,192,68325.88,355.86395833333336,189,1,🏆 Champions
10182,38,2,137.10000000000002,68.55000000000001,2,2,🔵 Potential
10183,16,4,1095.17,273.7925,4,2,🔵 Potential
10184,10,92,14304.23,155.48076086956522,92,3,💛 Loyal Customers
10185,183,15,452.78,30.185333333333332,15,0,⚠️  At Risk
10186,17,9,744.92,82.76888888888888,8,2,🔵 Potential
10187,62,36,3016.76,83.7988888888889,36,2,🔵 Potential
10188,97,23,2577.63,112.0708695652174,23,2,🔵 Potential
10189,10,44,9561.97,217.3175,44,3,💛 Loyal Customers
10190,1,193,66359.22,343.8301554404145,189,1,🏆 Champions
10191,5,5,323.24,64.648,5,2,🔵 Potential
10192,43,1,413.70000000000005,413.70000000000005,1,3,💛 Loyal Customers
10193,242,12,766.9,63.90833333333333,12,0,⚠️  At Risk
10194,10,51,8692.26,170.4364705882353,51,3,💛 Loyal Customers
10195,11,62,13756.76,221.8832258064516,62,3,💛 Loyal Customers
10196,332,2,206.24,103.12,2,0,⚠️  At Risk
10197,21,7,854.5999999999999,122.08571428571427,7,2,🔵 Potential
10198,37,8,1119.6399999999999,139.95499999999998,8,2,🔵 Potential
10199,165,12,881.23,73.43583333333333,12,0,⚠️  At Risk
10200,208,13,785.0600000000001,60.38923076923077,13,0,⚠️  At Risk
10201,1,131,45113.409999999996,344.37717557251904,129,1,🏆 Champions
10202,12,64,13993.28,218.645,63,3,💛 Loyal Customers
10203,26,8,807.23,100.90375,8,2,🔵 Potential
10204,343,3,312.19,104.06333333333333,3,0,⚠️  At Risk
10205,1,88,32701.19,371.6044318181818,87,1,🏆 Champions
10206,1,102,34126.09,334.56950980392156,102,1,🏆 Champions
10207,197,5,658.42,131.684,5,0,⚠️  At Risk
10208,1,183,58857.020000000004,318.14605405405405,180,1,🏆 Champions
10209,12,75,15835.37,211.13826666666668,75,3,💛 Loyal Customers
10210,73,24,3078.43,123.13719999999999,25,2,🔵 Potential
10211,277,2,218.38,109.19,2,0,⚠️  At Risk
10212,273,4,185.39,46.3475,4,0,⚠️  At Risk
10213,12,46,10806.51,234.92413043478263,46,3,💛 Loyal Customers
10214,236,18,619.6,34.422222222222224,18,0,⚠️  At Risk
10215,12,67,11808.32,176.24358208955223,66,3,💛 Loyal Customers
10216,14,50,9781.46,195.62919999999997,50,3,💛 Loyal Customers
10217,156,10,253.61,25.361,10,0,⚠️  At Risk
10218,175,17,733.48,43.14588235294118,17,0,⚠️  At Risk
10219,18,3,285.13,95.04333333333334,3,2,🔵 Potential
10220,216,13,573.8,44.138461538461534,13,0,⚠️  At Risk
10221,101,17,2382.69,140.15823529411765,17,2,🔵 Potential
10222,1,194,57017.99,292.3999487179487,194,1,🏆 Champions
10223,11,37,9936.74,268.56054054054056,37,3,💛 Loyal Customers
10224,18,68,12451.01,183.1030882352941,67,3,💛 Loyal Customers
10225,14,79,10396.33,131.59911392405064,79,3,💛 Loyal Customers
10226,8,13,937.6500000000001,72.12692307692308,13,2,🔵 Potential
10227,11,40,8885.37,222.13425,40,3,💛 Loyal Customers
10228,28,3,702.26,234.08666666666667,3,2,🔵 Potential
10229,296,6,408.94,68.15666666666667,6,0,⚠️  At Risk
10230,257,11,269.66,24.514545454545456,11,0,⚠️  At Risk
10231,63,22,2899.15,131.77954545454546,22,2,🔵 Potential
10232,61,33,5219.96,158.18060606060607,33,2,🔵 Potential
10233,60,19,3250.08,171.05684210526314,19,2,🔵 Potential
10234,18,50,8604.02,172.0804,50,3,💛 Loyal Customers
10235,307,12,368.55,30.712500000000002,12,0,⚠️  At Risk
10236,19,45,7559.62,167.99155555555555,45,3,💛 Loyal Customers
10237,1,106,37323.39,352.10745283018866,106,1,🏆 Champions
10238,347,4,344.86,86.215,4,0,⚠️  At Risk
10239,10,36,6699.18,186.08833333333334,36,3,💛 Loyal Customers
10240,17,8,901.7199999999999,112.71499999999999,8,2,🔵 Potential
10241,7,12,946.0,78.83333333333333,12,2,🔵 Potential
10242,23,2,571.1800000000001,285.59000000000003,2,2,🔵 Potential
10243,13,50,9459.3,185.4764705882353,51,3,💛 Loyal Customers
10244,1,177,58140.33,328.47644067796614,175,1,🏆 Champions
10245,14,9,703.7900000000001,78.1988888888889,9,2,🔵 Potential
10246,61,26,2493.4900000000002,95.90346153846154,26,2,🔵 Potential
10247,11,1,247.2,247.2,1,2,🔵 Potential
10248,13,1,292.44,292.44,1,2,🔵 Potential
10249,27,5,787.35,157.47,5,2,🔵 Potential
10250,13,71,13255.71,186.70014084507042,71,3,💛 Loyal Customers
10251,14,53,8476.22,159.928679245283,52,3,💛 Loyal Customers
10252,20,12,718.22,59.85166666666667,12,2,🔵 Potential
10253,12,48,7942.75,165.47395833333334,48,3,💛 Loyal Customers
10254,10,57,9813.36,172.1642105263158,57,3,💛 Loyal Customers
10255,80,42,5029.21,119.74309523809524,42,2,🔵 Potential
10256,20,8,640.7,80.0875,8,2,🔵 Potential
10257,170,14,726.56,51.89714285714285,14,0,⚠️  At Risk
10258,60,36,4177.13,116.0313888888889,36,2,🔵 Potential
10259,1,124,37498.19,302.40475806451616,123,1,🏆 Champions
10260,313,2,350.4,175.2,2,0,⚠️  At Risk
10261,6,11,847.71,77.06454545454545,11,2,🔵 Potential
10262,1,86,28202.66,327.93790697674416,86,3,💛 Loyal Customers
10263,68,34,4104.599999999999,120.72352941176469,34,2,🔵 Potential
10264,26,8,661.51,82.68875,8,2,🔵 Potential
10265,158,12,588.9,49.074999999999996,12,0,⚠️  At Risk
10266,265,18,852.1,47.33888888888889,18,0,⚠️  At Risk
10267,235,8,427.7,53.4625,8,0,⚠️  At Risk
10268,10,66,11327.89,171.63469696969696,66,3,💛 Loyal Customers
10269,11,54,10711.25,198.3564814814815,53,3,💛 Loyal Customers
10270,3,1,69.24,69.24,1,2,🔵 Potential
10271,43,1,195.12,195.12,1,2,🔵 Potential
10272,3,2,174.82999999999998,87.41499999999999,2,2,🔵 Potential
10273,37,5,422.78,84.556,5,2,🔵 Potential
10274,78,26,2799.87,107.68730769230768,25,2,🔵 Potential
10275,95,14,1881.9199999999998,134.42285714285714,14,2,🔵 Potential
10276,177,5,395.17999999999995,79.03599999999999,5,0,⚠️  At Risk
10277,261,8,557.46,69.6825,8,0,⚠️  At Risk
10278,172,7,807.8299999999999,115.4042857142857,7,0,⚠️  At Risk
10279,322,5,235.77,47.154,5,0,⚠️  At Risk
10280,1,1,341.95,341.95,1,2,🔵 Potential
10281,11,49,7867.29,160.5569387755102,49,3,💛 Loyal Customers
10282,23,50,8672.78,173.4556,49,3,💛 Loyal Customers
10283,1,162,61189.1,377.71049382716046,161,1,🏆 Champions
10284,89,14,2464.99,176.07071428571427,14,2,🔵 Potential
10285,1,88,32622.21,370.70693181818183,88,1,🏆 Champions
10286,62,22,2117.36,96.24363636363637,22,2,🔵 Potential
10287,74,27,2272.85,84.17962962962963,27,2,🔵 Potential
10288,13,41,8963.78,218.6287804878049,41,3,💛 Loyal Customers
10289,76,25,3117.33,124.69319999999999,25,2,🔵 Potential
10290,1,168,63627.93,378.73767857142855,168,1,🏆 Champions
10291,2,98,41887.65,427.425,98,1,🏆 Champions
10292,27,10,709.2900000000001,70.929,10,2,🔵 Potential
10293,11,60,8523.21,142.05349999999999,60,3,💛 Loyal Customers
10294,1,114,49660.08,431.8267826086957,115,1,🏆 Champions
10295,61,36,3635.84,100.99555555555555,36,2,🔵 Potential
10296,218,6,440.92999999999995,73.48833333333333,6,0,⚠️  At Risk
10297,17,66,12796.68,193.88909090909092,66,3,💛 Loyal Customers
10298,309,7,244.63,34.94714285714286,7,0,⚠️  At Risk
10299,1,205,63948.09,311.9419024390244,201,1,🏆 Champions
10300,1,100,36480.9,364.809,100,1,🏆 Champions
10301,76,30,3283.07,109.43566666666668,30,2,🔵 Potential
10302,88,34,5123.38,150.68764705882353,34,2,🔵 Potential
10303,256,7,762.55,108.93571428571428,7,0,⚠️  At Risk
10304,271,15,736.75,49.11666666666667,15,0,⚠️  At Risk
10305,29,6,954.03,159.005,6,2,🔵 Potential
10306,63,27,2181.4,80.7925925925926,27,2,🔵 Potential
10307,12,71,14001.56,197.20507042253521,71,3,💛 Loyal Customers
10308,253,4,290.18,72.545,4,0,⚠️  At Risk
10309,12,72,15962.48,221.70111111111112,72,3,💛 Loyal Customers
10310,60,31,4211.99,135.87064516129033,31,2,🔵 Potential
10311,1,127,44136.81,347.533937007874,126,1,🏆 Champions
10312,1,174,59329.05,340.97155172413795,171,1,🏆 Champions
10313,4,11,527.92,47.99272727272727,11,2,🔵 Potential
10314,42,6,438.34999999999997,73.05833333333332,6,2,🔵 Potential
10315,166,5,210.29000000000002,42.05800000000001,5,0,⚠️  At Risk
10316,65,39,4059.66,104.09384615384614,38,2,🔵 Potential
10317,12,54,10473.93,193.96166666666667,54,3,💛 Loyal Customers
10318,11,83,14521.59,174.9589156626506,83,3,💛 Loyal Customers
10319,14,54,9713.13,179.87277777777777,54,3,💛 Loyal Customers
10320,95,15,2252.17,150.14466666666667,15,2,🔵 Potential
10321,154,5,439.52000000000004,87.90400000000001,5,0,⚠️  At Risk
10322,298,7,243.71,34.815714285714286,7,0,⚠️  At Risk
10323,10,53,10171.07,191.90698113207546,53,3,💛 Loyal Customers
10324,21,2,359.36,179.68,2,2,🔵 Potential
10325,155,13,368.74,28.364615384615384,13,0,⚠️  At Risk
10326,91,23,3081.93,133.99695652173912,23,2,🔵 Potential
10327,301,8,625.08,78.135,8,0,⚠️  At Risk
10328,65,33,3311.82,100.35818181818182,33,2,🔵 Potential
10329,11,53,10538.529999999999,198.84018867924527,52,3,💛 Loyal Customers
10330,12,62,9597.75,154.80241935483872,62,3,💛 Loyal Customers
10331,261,12,362.08,30.173333333333332,12,0,⚠️  At Risk
10332,3,133,44563.34,335.06270676691724,133,1,🏆 Champions
10333,2,109,29138.41,267.3248623853211,107,1,🏆 Champions
10334,1,177,59498.06,336.1472316384181,176,1,🏆 Champions
10335,1,78,30642.67,392.8547435897436,77,1,🏆 Champions
10336,4,6,877.22,146.20333333333335,6,2,🔵 Potential
10337,167,13,397.33,30.563846153846153,13,0,⚠️  At Risk
10338,67,22,3100.17,140.91681818181817,22,2,🔵 Potential
10339,3,68,32445.23,477.13573529411764,68,1,🏆 Champions
10340,61,29,2724.01,93.93137931034484,29,2,🔵 Potential
10341,68,30,4073.65,135.78833333333333,29,2,🔵 Potential
10342,11,34,8562.789999999999,251.84676470588232,34,3,💛 Loyal Customers
10343,68,39,3400.11,87.1823076923077,39,2,🔵 Potential
10344,10,71,11799.38,166.18845070422535,70,3,💛 Loyal Customers
10345,193,12,519.91,43.32583333333333,12,0,⚠️  At Risk
10346,185,15,766.66,51.11066666666667,15,0,⚠️  At Risk
10347,1,132,52232.61,395.7015909090909,130,1,🏆 Champions
10348,14,73,11206.46,153.5131506849315,73,3,💛 Loyal Customers
10349,174,10,825.13,82.513,10,0,⚠️  At Risk
10350,75,23,3569.22,155.18347826086955,23,2,🔵 Potential
10351,16,11,581.13,52.83,11,2,🔵 Potential
10352,239,11,512.91,46.628181818181815,11,0,⚠️  At Risk
10353,10,45,9464.89,210.33088888888886,44,3,💛 Loyal Customers
10354,2,98,34377.44,350.7902040816327,98,1,🏆 Champions
10355,275,8,378.59999999999997,47.324999999999996,8,0,⚠️  At Risk
10356,1,120,45891.39,382.42825,120,1,🏆 Champions
10357,64,19,2546.77,134.04052631578946,19,2,🔵 Potential
10358,12,12,925.81,77.15083333333332,12,2,🔵 Potential
10359,71,16,2505.63,156.601875,16,2,🔵 Potential
10360,12,89,12444.52,139.82606741573034,89,3,💛 Loyal Customers
10361,165,12,563.01,46.9175,12,0,⚠️  At Risk
10362,73,17,3825.7799999999997,225.04588235294116,17,2,🔵 Potential
10363,69,25,3377.23,135.0892,25,2,🔵 Potential
10364,16,3,333.0,111.0,3,2,🔵 Potential
10365,12,52,10899.58,209.6073076923077,51,3,💛 Loyal Customers
10366,15,6,844.92,140.82,6,2,🔵 Potential
10367,4,8,943.6600000000001,117.95750000000001,8,2,🔵 Potential
10368,17,40,9316.13,232.90324999999999,40,3,💛 Loyal Customers
10369,5,115,38331.73,333.31939130434785,115,1,🏆 Champions
10370,1,110,41845.6,380.4145454545454,109,1,🏆 Champions
10371,2,107,36652.51,342.54682242990657,105,1,🏆 Champions
10372,1,145,50726.61,347.44253424657535,141,1,🏆 Champions
10373,235,13,649.99,49.99923076923077,13,0,⚠️  At Risk
10374,2,90,37833.950000000004,420.37722222222226,89,1,🏆 Champions
10375,11,59,12051.95,204.27033898305086,58,3,💛 Loyal Customers
10376,12,5,576.48,115.296,5,2,🔵 Potential
10377,1,186,63013.33,336.96967914438505,185,1,🏆 Champions
10378,27,7,430.61,61.51571428571429,7,2,🔵 Potential
10379,13,56,8535.42,152.4182142857143,56,3,💛 Loyal Customers
10380,3,200,71763.77,358.81885,199,1,🏆 Champions
10381,270,3,185.34,61.78,3,0,⚠️  At Risk
10382,300,7,285.28999999999996,40.755714285714284,7,0,⚠️  At Risk
10383,25,2,606.05,303.025,2,2,🔵 Potential
10384,315,8,607.13,75.89125,8,0,⚠️  At Risk
10385,42,2,132.82,66.41,2,2,🔵 Potential
10386,11,79,14593.87,184.73253164556962,79,3,💛 Loyal Customers
10387,11,82,13272.31,161.85743902439023,80,3,💛 Loyal Customers
10388,280,3,121.11,40.37,3,0,⚠️  At Risk
10389,36,1,489.20000000000005,489.20000000000005,1,3,💛 Loyal Customers
10390,2,1,304.20000000000005,304.20000000000005,1,2,🔵 Potential
10391,68,16,3473.4300000000003,217.08937500000002,16,2,🔵 Potential
10392,23,39,6058.92,155.35692307692307,39,3,💛 Loyal Customers
10393,193,15,677.82,45.188,15,0,⚠️  At Risk
10394,13,63,12670.97,201.12650793650792,63,3,💛 Loyal Customers
10395,23,2,435.1,217.55,2,2,🔵 Potential
10396,2,11,930.0,84.54545454545455,11,2,🔵 Potential
10397,61,33,4321.38,130.9509090909091,32,2,🔵 Potential
10398,211,3,210.94,70.31333333333333,3,0,⚠️  At Risk
10399,250,5,731.64,146.328,5,0,⚠️  At Risk
10400,1,99,33650.090000000004,339.89989898989904,99,1,🏆 Champions
10401,4,7,615.13,87.87571428571428,7,2,🔵 Potential
10402,75,33,4123.49,124.95424242424242,33,2,🔵 Potential
10403,39,11,812.25,73.8409090909091,11,2,🔵 Potential
10404,12,77,12326.67,158.03423076923076,77,3,💛 Loyal Customers
10405,8,1,539.5,539.5,1,3,💛 Loyal Customers
10406,13,50,9414.99,188.2998,50,3,💛 Loyal Customers
10407,2,86,32568.809999999998,378.70709302325577,86,1,🏆 Champions
10408,22,1,692.1,692.1,1,3,💛 Loyal Customers
10409,1,106,37774.94,356.36735849056606,104,1,🏆 Champions
10410,11,58,11808.5,203.5948275862069,57,3,💛 Loyal Customers
10411,30,5,423.7,84.74,5,2,🔵 Potential
10412,13,6,380.21000000000004,63.36833333333334,6,2,🔵 Potential
10413,60,27,2394.34,88.67925925925927,27,2,🔵 Potential
10414,154,14,759.13,54.223571428571425,14,0,⚠️  At Risk
10415,63,17,2343.5099999999998,137.8535294117647,17,2,🔵 Potential
10416,17,44,10644.99,241.93159090909091,44,3,💛 Loyal Customers
10417,13,39,8917.69,228.65871794871796,39,3,💛 Loyal Customers
10418,351,6,194.5,32.416666666666664,6,0,⚠️  At Risk
10419,179,15,747.3,49.82,15,0,⚠️  At Risk
10420,219,12,471.98,39.33166666666667,12,0,⚠️  At Risk
10421,204,17,466.82,27.46,17,0,⚠️  At Risk
10422,3,78,27983.4,358.76153846153846,78,3,💛 Loyal Customers
10423,72,30,2921.63,97.38766666666668,30,2,🔵 Potential
10424,1,122,41320.89,338.69581967213117,122,1,🏆 Champions
10425,72,20,2614.66,130.733,20,2,🔵 Potential
10426,61,30,4950.26,165.00866666666667,30,2,🔵 Potential
10427,39,7,315.63,45.089999999999996,7,2,🔵 Potential
10428,13,73,13593.44,186.21150684931507,73,3,💛 Loyal Customers
10429,1,65,32548.53,500.7466153846154,64,1,🏆 Champions
10430,2,130,39398.01,303.0616153846154,129,1,🏆 Champions
10431,217,9,522.17,58.01888888888888,9,0,⚠️  At Risk
10432,225,4,227.48000000000002,56.870000000000005,4,0,⚠️  At Risk
10433,1,120,39168.64,326.4053333333333,118,1,🏆 Champions
10434,1,204,66609.39,326.5166176470588,203,1,🏆 Champions
10435,292,3,92.91,30.97,3,0,⚠️  At Risk
10436,1,225,70631.49,312.52871681415934,224,1,🏆 Champions
10437,25,10,958.27,95.827,10,2,🔵 Potential
10438,205,13,519.85,39.98846153846154,13,0,⚠️  At Risk
10439,1,220,72463.89,329.3813181818182,219,1,🏆 Champions
10440,1,184,65087.37,353.73570652173913,184,1,🏆 Champions
10441,22,13,854.12,65.70153846153846,13,2,🔵 Potential
10442,14,38,7253.38,190.87842105263158,38,3,💛 Loyal Customers
10443,10,53,7208.53,133.4912962962963,54,3,💛 Loyal Customers
10444,44,6,417.25,69.54166666666667,6,2,🔵 Potential
10445,34,4,586.98,146.745,4,2,🔵 Potential
10446,2,3,500.93,166.97666666666666,3,2,🔵 Potential
10447,191,7,478.75,68.39285714285714,7,0,⚠️  At Risk
10448,10,37,9804.72,264.9924324324324,37,3,💛 Loyal Customers
10449,1,118,39886.979999999996,338.0252542372881,118,1,🏆 Champions
10450,171,8,402.38,50.2975,8,0,⚠️  At Risk
10451,92,21,3285.7000000000003,156.46190476190478,21,2,🔵 Potential
10452,80,24,2767.67,115.31958333333334,24,2,🔵 Potential
10453,9,4,298.52,74.63,4,2,🔵 Potential
10454,1,142,46822.01,329.7324647887324,141,1,🏆 Champions
10455,63,29,2199.31,75.83827586206897,29,2,🔵 Potential
10456,1,156,49556.51,317.6699358974359,155,1,🏆 Champions
10457,67,23,2415.29,105.01260869565218,23,2,🔵 Potential
10458,1,163,60402.28,368.30658536585366,164,1,🏆 Champions
10459,1,122,39413.54,323.06180327868856,121,1,🏆 Champions
10460,2,165,54238.85,328.720303030303,165,1,🏆 Champions
10461,228,15,729.54,48.635999999999996,14,0,⚠️  At Risk
10462,162,10,520.54,52.053999999999995,10,0,⚠️  At Risk
10463,63,29,2810.19,96.90310344827586,29,2,🔵 Potential
10464,7,4,1263.82,315.955,4,2,🔵 Potential
10465,17,51,12689.06,248.80509803921566,51,3,💛 Loyal Customers
10466,17,56,11106.8,198.33571428571426,56,3,💛 Loyal Customers
10467,20,8,536.4100000000001,67.05125000000001,8,2,🔵 Potential
10468,12,29,8115.29,279.83758620689656,29,3,💛 Loyal Customers
10469,23,6,1095.66,182.61,6,2,🔵 Potential
10470,4,91,29708.7,326.46923076923076,91,1,🏆 Champions
10471,30,2,176.48,88.24,2,2,🔵 Potential
10472,1,161,52473.270000000004,325.92093167701864,160,1,🏆 Champions
10473,3,3,638.74,212.91333333333333,3,2,🔵 Potential
10474,60,32,3827.66,119.614375,32,2,🔵 Potential
10475,3,2,474.93999999999994,237.46999999999997,2,2,🔵 Potential
10476,1,120,45083.18,375.6931666666667,120,1,🏆 Champions
10477,81,30,2698.37,89.94566666666667,30,2,🔵 Potential
10478,4,6,606.5899999999999,101.09833333333331,6,2,🔵 Potential
10479,61,21,3157.17,150.34142857142857,21,2,🔵 Potential
10480,175,11,691.76,62.88727272727272,10,0,⚠️  At Risk
10481,288,2,212.94,106.47,2,0,⚠️  At Risk
10482,74,23,2648.86,115.16782608695652,23,2,🔵 Potential
10483,150,14,500.90999999999997,35.77928571428571,14,0,⚠️  At Risk
10484,65,30,3248.94,108.298,30,2,🔵 Potential
10485,26,8,571.41,71.42625,8,2,🔵 Potential
10486,1,121,42503.01,351.2645454545455,121,1,🏆 Champions
10487,23,49,10400.09,212.24673469387756,48,3,💛 Loyal Customers
10488,20,2,195.22000000000003,97.61000000000001,2,2,🔵 Potential
10489,38,8,800.17,100.02125,8,2,🔵 Potential
10490,79,19,3768.03,198.31736842105263,19,2,🔵 Potential
10491,160,16,608.5799999999999,38.036249999999995,16,0,⚠️  At Risk
10492,13,55,10371.61,188.57472727272727,54,3,💛 Loyal Customers
10493,10,45,13145.8,292.12888888888887,45,3,💛 Loyal Customers
10494,64,28,2044.2,73.00714285714285,28,2,🔵 Potential
10495,18,39,8138.64,208.68307692307692,39,3,💛 Loyal Customers
10496,63,22,2450.12,111.3690909090909,22,2,🔵 Potential
10497,2,98,33910.19,346.0223469387755,98,1,🏆 Champions
10498,3,9,1113.34,123.70444444444443,9,2,🔵 Potential
10499,27,9,708.95,78.77222222222223,9,2,🔵 Potential
10500,186,12,520.17,43.3475,12,0,⚠️  At Risk
10501,61,25,4115.55,164.622,25,2,🔵 Potential
10502,15,57,12626.21,221.51245614035085,57,3,💛 Loyal Customers
10503,33,11,925.75,84.1590909090909,11,2,🔵 Potential
10504,361,5,237.76,47.552,5,0,⚠️  At Risk
10505,12,62,9188.09,148.195,61,3,💛 Loyal Customers
10506,16,7,538.3299999999999,76.9042857142857,7,2,🔵 Potential
10507,41,6,366.07,61.01166666666666,6,2,🔵 Potential
10508,32,7,964.91,137.84428571428572,7,2,🔵 Potential
10509,294,1,381.94,381.94,1,0,⚠️  At Risk
10510,163,4,126.76,31.69,4,0,⚠️  At Risk
10511,75,36,2951.31,81.98083333333334,35,2,🔵 Potential
10512,16,6,413.86,68.97666666666667,6,2,🔵 Potential
10513,1,2,417.68,208.84,2,2,🔵 Potential
10514,1,94,30189.08,321.16042553191494,94,1,🏆 Champions
10515,1,151,45635.37,302.22099337748347,150,1,🏆 Champions
10516,15,45,7150.2,158.89333333333332,45,3,💛 Loyal Customers
10517,8,3,850.64,283.5466666666667,3,2,🔵 Potential
10518,31,5,500.08000000000004,100.016,5,2,🔵 Potential
10519,11,46,7501.6900000000005,163.08021739130436,46,3,💛 Loyal Customers
10520,81,25,3601.0299999999997,144.0412,25,2,🔵 Potential
10521,16,85,12666.64,149.01929411764706,85,3,💛 Loyal Customers
10522,35,4,274.42,68.605,4,2,🔵 Potential
10523,14,1,223.0,223.0,1,2,🔵 Potential
10524,11,5,451.15000000000003,90.23,5,2,🔵 Potential
10525,62,40,3139.62,78.4905,38,2,🔵 Potential
10526,63,31,3899.05,125.77580645161291,31,2,🔵 Potential
10527,11,50,9394.08,187.8816,50,3,💛 Loyal Customers
10528,3,79,39415.58,498.9313924050633,79,1,🏆 Champions
10529,25,1,171.75,171.75,1,2,🔵 Potential
10530,11,5,413.28000000000003,82.656,5,2,🔵 Potential
10531,13,4,245.92000000000002,61.480000000000004,4,2,🔵 Potential
10532,35,1,525.47,525.47,1,3,💛 Loyal Customers
10533,71,31,2989.2200000000003,96.42645161290324,31,2,🔵 Potential
10534,228,8,318.25,39.78125,8,0,⚠️  At Risk
10535,2,8,863.4100000000001,107.92625000000001,8,2,🔵 Potential
10536,14,5,181.07999999999998,36.215999999999994,5,2,🔵 Potential
10537,10,78,14307.33,183.4273076923077,77,3,💛 Loyal Customers
10538,88,11,3030.5299999999997,275.50272727272727,11,2,🔵 Potential
10539,3,84,28909.11,344.1560714285714,84,3,💛 Loyal Customers
10540,7,5,933.99,186.798,5,2,🔵 Potential
10541,222,6,272.21999999999997,45.37,6,0,⚠️  At Risk
10542,10,75,12684.77,169.13026666666667,74,3,💛 Loyal Customers
10543,303,7,256.96,36.708571428571425,7,0,⚠️  At Risk
10544,262,4,679.1800000000001,169.79500000000002,4,0,⚠️  At Risk
10545,13,59,14564.34,246.85322033898305,59,3,💛 Loyal Customers
10546,1,136,53659.63,394.55610294117645,133,1,🏆 Champions
10547,284,4,315.0,78.75,4,0,⚠️  At Risk
10548,71,21,3393.92,161.6152380952381,21,2,🔵 Potential
10549,151,7,131.17000000000002,18.73857142857143,7,0,⚠️  At Risk
10550,60,32,3198.2,99.94375,32,2,🔵 Potential
10551,40,7,490.9,70.12857142857142,7,2,🔵 Potential
10552,61,31,5818.9,187.7064516129032,31,2,🔵 Potential
10553,62,30,3119.06,103.96866666666666,30,2,🔵 Potential
10554,40,3,295.24,98.41333333333334,3,2,🔵 Potential
10555,80,13,3485.0099999999998,268.0776923076923,13,2,🔵 Potential
10556,1,152,60197.14,396.0338157894737,151,1,🏆 Champions
10557,1,150,56503.14,376.6876,149,1,🏆 Champions
10558,331,3,425.29,141.76333333333335,3,0,⚠️  At Risk
10559,353,1,97.97999999999999,97.97999999999999,1,0,⚠️  At Risk
10560,165,4,151.20999999999998,37.802499999999995,4,0,⚠️  At Risk
10561,15,34,7935.69,233.4026470588235,34,3,💛 Loyal Customers
10562,1,126,48758.85,386.97499999999997,125,1,🏆 Champions
10563,1,98,42943.31,438.19704081632653,97,1,🏆 Champions
10564,15,78,13725.37,175.96628205128206,77,3,💛 Loyal Customers
10565,68,21,3498.57,166.59857142857143,21,2,🔵 Potential
10566,11,63,14401.94,225.0303125,64,3,💛 Loyal Customers
10567,61,37,3226.4,87.2,37,2,🔵 Potential
10568,27,7,262.55,37.50714285714286,7,2,🔵 Potential
10569,12,63,9692.45,153.84841269841272,63,3,💛 Loyal Customers
10570,63,27,4666.44,172.83111111111108,27,2,🔵 Potential
10571,313,4,261.32000000000005,65.33000000000001,4,0,⚠️  At Risk
10572,11,51,9829.6,192.7372549019608,50,3,💛 Loyal Customers
10573,161,6,973.44,162.24,6,0,⚠️  At Risk
10574,39,4,429.91,107.4775,4,2,🔵 Potential
10575,18,6,585.3100000000001,97.55166666666668,6,2,🔵 Potential
10576,2,134,49179.98,367.014776119403,134,1,🏆 Champions
10577,14,3,451.76,150.58666666666667,3,2,🔵 Potential
10578,76,26,2600.05,100.00192307692308,26,2,🔵 Potential
10579,10,52,12506.96,240.5184615384615,52,3,💛 Loyal Customers
10580,62,24,2845.17,118.54875,24,2,🔵 Potential
10581,28,8,1271.87,158.98375,8,2,🔵 Potential
10582,74,28,3291.82,117.56500000000001,28,2,🔵 Potential
10583,21,58,8001.12,137.9503448275862,58,3,💛 Loyal Customers
10584,165,4,169.85,42.4625,4,0,⚠️  At Risk
10585,10,71,15572.84,219.33577464788732,71,3,💛 Loyal Customers
10586,1,140,52115.12,372.25085714285717,140,1,🏆 Champions
10587,1,87,33927.49,389.9711494252873,87,1,🏆 Champions
10588,1,146,46163.909999999996,316.1911643835616,146,1,🏆 Champions
10589,10,75,12129.15,161.722,75,3,💛 Loyal Customers
10590,1,139,54549.3,392.4410071942446,138,1,🏆 Champions
10591,160,17,723.35,42.550000000000004,17,0,⚠️  At Risk
10592,19,28,6740.77,240.74178571428573,28,3,💛 Loyal Customers
10593,11,39,8297.35,212.75256410256412,38,3,💛 Loyal Customers
10594,13,2,519.6,259.8,2,2,🔵 Potential
10595,67,16,2421.66,151.35375,16,2,🔵 Potential
10596,292,10,409.17,40.917,10,0,⚠️  At Risk
10597,17,55,12560.9,228.38,55,3,💛 Loyal Customers
10598,11,65,15754.94,242.38369230769231,65,3,💛 Loyal Customers
10599,2,199,64613.48,323.0674,199,1,🏆 Champions
10600,12,74,11921.289999999999,161.0985135135135,74,3,💛 Loyal Customers
10601,14,86,14158.47,164.63337209302324,85,3,💛 Loyal Customers
10602,16,69,11232.8,162.7942028985507,69,3,💛 Loyal Customers
10603,2,109,36595.9,335.7422018348624,109,1,🏆 Champions
10604,1,92,30440.11,327.3130107526882,92,1,🏆 Champions
10605,97,27,4358.49,161.42555555555555,27,2,🔵 Potential
10606,11,55,9020.43,164.00781818181818,55,3,💛 Loyal Customers
10607,12,34,9070.710000000001,266.78558823529414,34,3,💛 Loyal Customers
10608,60,32,4032.4700000000003,126.01468750000001,32,2,🔵 Potential
10609,180,7,674.01,96.28714285714285,7,0,⚠️  At Risk
10610,1,211,64301.33,304.74563981042655,208,1,🏆 Champions
10611,219,2,89.2,44.6,2,0,⚠️  At Risk
10612,296,16,712.36,44.5225,16,0,⚠️  At Risk
10613,2,127,41094.21,323.5764566929134,127,1,🏆 Champions
10614,37,6,276.52,46.086666666666666,6,2,🔵 Potential
10615,44,4,475.78,118.945,4,2,🔵 Potential
10616,1,188,74168.76,394.5146808510638,187,1,🏆 Champions
10617,11,48,11450.01,238.541875,48,3,💛 Loyal Customers
10618,28,2,112.16999999999999,56.084999999999994,2,2,🔵 Potential
10619,172,7,201.83,28.832857142857144,7,0,⚠️  At Risk
10620,11,35,6456.97,184.48485714285715,35,3,💛 Loyal Customers
10621,12,43,9714.91,225.9281395348837,43,3,💛 Loyal Customers
10622,10,73,14897.55,204.07602739726028,73,3,💛 Loyal Customers
10623,87,36,3300.02,91.66722222222222,36,2,🔵 Potential
10624,170,5,573.68,114.73599999999999,5,0,⚠️  At Risk
10625,11,74,14599.31,197.28797297297297,74,3,💛 Loyal Customers
10626,64,23,2697.2200000000003,117.2704347826087,23,2,🔵 Potential
10627,176,4,367.46,91.865,4,0,⚠️  At Risk
10628,1,97,39977.85,412.1427835051546,97,1,🏆 Champions
10629,14,62,11433.81,184.41629032258064,62,3,💛 Loyal Customers
10630,265,4,689.7600000000001,172.44000000000003,4,0,⚠️  At Risk
10631,16,5,539.27,107.854,5,2,🔵 Potential
10632,74,16,2597.48,162.3425,16,2,🔵 Potential
10633,71,39,2717.59,69.68179487179488,39,2,🔵 Potential
10634,1,176,54525.799999999996,309.80568181818177,175,1,🏆 Champions
10635,77,33,4564.0199999999995,138.30363636363634,33,2,🔵 Potential
10636,105,13,2658.75,204.51923076923077,13,2,🔵 Potential
10637,10,88,14861.4,168.87954545454545,88,3,💛 Loyal Customers
10638,15,46,7834.7699999999995,170.32108695652173,46,3,💛 Loyal Customers
10639,11,64,14976.08,230.40123076923078,63,3,💛 Loyal Customers
10640,3,127,41420.43,326.14511811023624,126,1,🏆 Champions
10641,21,60,10027.33,167.12216666666666,60,3,💛 Loyal Customers
10642,12,46,8480.58,184.3604347826087,46,3,💛 Loyal Customers
10643,11,60,10112.289999999999,168.53816666666665,60,3,💛 Loyal Customers
10644,1,119,43922.9,369.1,119,1,🏆 Champions
10645,17,10,725.39,72.539,10,2,🔵 Potential
10646,77,21,2902.95,138.23571428571427,21,2,🔵 Potential
10647,161,6,211.22,35.20333333333333,6,0,⚠️  At Risk
10648,290,9,342.9,38.099999999999994,9,0,⚠️  At Risk
10649,65,43,3879.6800000000003,90.22511627906978,43,2,🔵 Potential
10650,1,113,39118.48,346.1812389380531,112,1,🏆 Champions
10651,60,40,4550.99,113.77475,40,2,🔵 Potential
10652,69,32,5103.63,159.4884375,32,2,🔵 Potential
10653,284,5,358.51,71.702,5,0,⚠️  At Risk
10654,60,30,3843.5699999999997,128.119,30,2,🔵 Potential
10655,1,120,38134.03,317.7835833333333,119,1,🏆 Champions
10656,12,79,14805.699999999999,187.4139240506329,79,3,💛 Loyal Customers
10657,16,31,8483.039999999999,273.6464516129032,31,3,💛 Loyal Customers
10658,219,10,416.0,41.6,10,0,⚠️  At Risk
10659,73,18,2225.27,123.62611111111111,18,2,🔵 Potential
10660,13,38,6971.08,183.44947368421052,38,3,💛 Loyal Customers
10661,10,8,943.3400000000001,117.91750000000002,8,2,🔵 Potential
10662,207,5,570.47,114.09400000000001,5,0,⚠️  At Risk
10663,10,50,10471.98,209.43959999999998,50,3,💛 Loyal Customers
10664,1,128,47207.34,368.80734375,127,1,🏆 Champions
10665,12,69,11452.66,165.98057971014492,69,3,💛 Loyal Customers
10666,13,43,7254.68,168.71348837209302,42,3,💛 Loyal Customers
10667,23,75,12320.89,164.2785333333333,74,3,💛 Loyal Customers
10668,10,61,13259.33,217.3660655737705,60,3,💛 Loyal Customers
10669,14,79,12542.02,158.75974683544305,78,3,💛 Loyal Customers
10670,10,62,11672.4,188.26451612903224,62,3,💛 Loyal Customers
10671,11,9,1055.05,117.22777777777777,9,2,🔵 Potential
10672,1,166,69322.2,415.102994011976,165,1,🏆 Champions
10673,85,14,2511.85,179.41785714285714,14,2,🔵 Potential
10674,76,30,1911.1100000000001,63.70366666666667,30,2,🔵 Potential
10675,25,11,648.61,58.96454545454546,11,2,🔵 Potential
10676,2,195,70195.37,359.9762564102564,195,1,🏆 Champions
10677,13,62,10285.21,165.89048387096773,62,3,💛 Loyal Customers
10678,35,4,648.71,162.1775,4,2,🔵 Potential
10679,27,2,461.51,230.755,2,2,🔵 Potential
10680,2,5,739.0899999999999,147.81799999999998,5,2,🔵 Potential
10681,11,51,9845.0,193.0392156862745,51,3,💛 Loyal Customers
10682,12,56,10744.52,191.86642857142857,55,3,💛 Loyal Customers
10683,176,5,172.15,34.43,5,0,⚠️  At Risk
10684,10,4,373.74,93.435,4,2,🔵 Potential
10685,76,13,2412.24,185.55692307692306,13,2,🔵 Potential
10686,76,38,3136.1,82.52894736842104,38,2,🔵 Potential
10687,15,51,8279.55,162.34411764705882,51,3,💛 Loyal Customers
10688,280,6,531.05,88.50833333333333,6,0,⚠️  At Risk
10689,10,66,13888.48,210.43151515151516,66,3,💛 Loyal Customers
10690,12,54,9553.59,176.91833333333332,54,3,💛 Loyal Customers
10691,61,20,3219.43,160.9715,20,2,🔵 Potential
10692,64,24,2797.6,116.56666666666666,24,2,🔵 Potential
10693,10,53,11065.06,208.77471698113206,53,3,💛 Loyal Customers
10694,1,147,48654.27,330.9814285714285,147,1,🏆 Champions
10695,162,8,503.44,62.93,8,0,⚠️  At Risk
10696,10,73,14066.41,192.69054794520548,73,3,💛 Loyal Customers
10697,74,37,4514.0,122.0,37,2,🔵 Potential
10698,16,47,7597.41,161.64702127659575,47,3,💛 Loyal Customers
10699,62,24,2984.08,124.33666666666666,24,2,🔵 Potential
10700,91,20,2365.02,118.251,20,2,🔵 Potential
10701,1,115,39191.23,340.7933043478261,115,1,🏆 Champions
10702,11,55,10234.51,186.082,55,3,💛 Loyal Customers
10703,1,164,53619.49,326.94810975609755,163,1,🏆 Champions
10704,2,153,51508.38,336.6560784313725,152,1,🏆 Champions
10705,19,5,681.25,136.25,5,2,🔵 Potential
10706,11,73,13237.18,181.33123287671233,73,3,💛 Loyal Customers
10707,8,4,744.28,186.07,4,2,🔵 Potential
10708,17,66,12986.02,196.75787878787878,65,3,💛 Loyal Customers
10709,235,18,745.28,41.404444444444444,18,0,⚠️  At Risk
10710,163,15,754.35,50.29,15,0,⚠️  At Risk
10711,61,29,4233.59,145.98586206896553,29,2,🔵 Potential
10712,68,26,4637.28,178.35692307692307,26,2,🔵 Potential
10713,103,26,2858.91,109.95807692307692,26,2,🔵 Potential
10714,11,44,8577.65,194.9465909090909,44,3,💛 Loyal Customers
10715,23,9,541.49,60.16555555555556,9,2,🔵 Potential
10716,40,6,223.28000000000003,37.21333333333334,6,2,🔵 Potential
10717,10,6,517.69,86.28166666666668,6,2,🔵 Potential
10718,2,87,33086.65,380.30632183908045,85,1,🏆 Champions
10719,182,9,262.62,29.18,9,0,⚠️  At Risk
10720,11,5,289.82,57.964,5,2,🔵 Potential
10721,14,42,8174.71,194.63595238095238,42,3,💛 Loyal Customers
10722,1,103,33067.63,321.0449514563106,102,1,🏆 Champions
10723,192,7,476.16999999999996,68.02428571428571,7,0,⚠️  At Risk
10724,87,29,3521.8500000000004,121.44310344827588,29,2,🔵 Potential
10725,44,5,458.40999999999997,91.68199999999999,5,2,🔵 Potential
10726,2,71,30491.87,429.4629577464789,71,1,🏆 Champions
10727,194,8,545.19,68.14875,8,0,⚠️  At Risk
10728,23,61,11333.13,185.7890163934426,61,3,💛 Loyal Customers
10729,14,38,9898.18,260.4784210526316,38,3,💛 Loyal Customers
10730,11,42,7685.04,182.97714285714287,42,3,💛 Loyal Customers
10731,9,6,306.52,51.086666666666666,6,2,🔵 Potential
10732,177,3,497.31000000000006,165.77,3,0,⚠️  At Risk
10733,69,36,3267.07,90.75194444444445,36,2,🔵 Potential
10734,10,49,8400.7,171.44285714285715,49,3,💛 Loyal Customers
10735,35,7,427.65,61.09285714285714,7,2,🔵 Potential
10736,12,65,11428.64,175.82523076923076,64,3,💛 Loyal Customers
10737,18,8,777.98,97.2475,8,2,🔵 Potential
10738,74,22,3050.62,138.66454545454545,22,2,🔵 Potential
10739,11,52,9466.29,182.0440384615385,52,3,💛 Loyal Customers
10740,69,41,4359.71,106.33439024390243,41,2,🔵 Potential
10741,18,82,15438.82,188.27829268292683,81,3,💛 Loyal Customers
10742,152,16,868.0,54.25,16,0,⚠️  At Risk
10743,60,36,4676.15,129.89305555555555,36,2,🔵 Potential
10744,15,65,10580.17,162.77184615384616,65,3,💛 Loyal Customers
10745,10,10,442.88,44.288,10,2,🔵 Potential
10746,14,47,10141.66,215.78,46,3,💛 Loyal Customers
10747,60,21,3409.9300000000003,162.37761904761905,21,2,🔵 Potential
10748,9,8,1022.38,127.7975,8,2,🔵 Potential
10749,326,4,134.53,33.6325,4,0,⚠️  At Risk
10750,1,91,36687.08,403.1547252747253,90,1,🏆 Champions
10751,12,6,736.43,122.73833333333333,6,2,🔵 Potential
10752,183,15,680.74,45.382666666666665,15,0,⚠️  At Risk
10753,13,73,13618.68,186.55726027397262,73,3,💛 Loyal Customers
10754,3,74,26892.95,363.41824324324324,74,3,💛 Loyal Customers
10755,164,13,755.83,58.14076923076924,13,0,⚠️  At Risk
10756,316,4,228.21,57.0525,4,0,⚠️  At Risk
10757,81,19,3233.4900000000002,170.18368421052634,19,2,🔵 Potential
10758,10,10,691.9599999999999,69.196,10,2,🔵 Potential
10759,289,10,537.86,53.786,10,0,⚠️  At Risk
10760,16,79,11779.34,149.10556962025316,79,3,💛 Loyal Customers
10761,12,42,7997.86,190.4252380952381,42,3,💛 Loyal Customers
10762,13,62,12073.88,194.73999999999998,61,3,💛 Loyal Customers
10763,215,11,736.5500000000001,66.95909090909092,11,0,⚠️  At Risk
10764,1,177,69843.53,394.59621468926554,177,1,🏆 Champions
10765,60,18,3022.28,167.90444444444447,18,2,🔵 Potential
10766,286,15,779.65,51.97666666666667,15,0,⚠️  At Risk
10767,42,4,346.26,86.565,4,2,🔵 Potential
10768,10,73,13109.91,179.58780821917807,71,3,💛 Loyal Customers
10769,40,7,417.11,59.58714285714286,7,2,🔵 Potential
10770,3,139,45143.29,324.77187050359714,138,1,🏆 Champions
10771,23,7,272.51,38.93,7,2,🔵 Potential
10772,1,135,41469.18,307.1791111111111,134,1,🏆 Champions
10773,10,73,14269.66,195.47479452054793,72,3,💛 Loyal Customers
10774,157,14,576.9,41.207142857142856,14,0,⚠️  At Risk
10775,1,91,36682.159999999996,403.1006593406593,89,1,🏆 Champions
10776,11,67,14672.25,218.98880597014926,67,3,💛 Loyal Customers
10777,164,14,553.88,39.56285714285714,14,0,⚠️  At Risk
10778,361,7,328.38,46.91142857142857,7,0,⚠️  At Risk
10779,288,8,698.07,87.25875,8,0,⚠️  At Risk
10780,332,4,245.05,61.2625,4,0,⚠️  At Risk
10781,63,28,3748.94,133.8907142857143,28,2,🔵 Potential
10782,11,80,14794.38,184.92974999999998,79,3,💛 Loyal Customers
10783,10,42,9187.69,218.75452380952382,42,3,💛 Loyal Customers
10784,13,54,11538.9,213.68333333333334,53,3,💛 Loyal Customers
10785,14,7,553.46,79.0657142857143,7,2,🔵 Potential
10786,66,23,2384.54,103.67565217391304,23,2,🔵 Potential
10787,66,29,2671.75,92.12931034482759,29,2,🔵 Potential
10788,96,16,1930.32,120.645,16,2,🔵 Potential
10789,26,2,476.54999999999995,238.27499999999998,2,2,🔵 Potential
10790,20,41,8490.12,207.07609756097563,41,3,💛 Loyal Customers
10791,63,35,5589.09,159.6882857142857,35,2,🔵 Potential
10792,70,29,3357.75,115.78448275862068,29,2,🔵 Potential
10793,197,3,582.09,194.03,3,0,⚠️  At Risk
10794,2,108,39211.78,363.07203703703703,106,1,🏆 Champions
10795,37,7,273.73,39.104285714285716,7,2,🔵 Potential
10796,9,6,1044.3700000000001,174.0616666666667,6,2,🔵 Potential
10797,63,38,4097.23,107.82184210526314,38,2,🔵 Potential
10798,169,15,803.91,53.594,15,0,⚠️  At Risk
10799,7,12,503.90999999999997,41.9925,12,2,🔵 Potential
10800,211,4,291.02,72.755,4,0,⚠️  At Risk
10801,10,42,8772.32,208.8647619047619,42,3,💛 Loyal Customers
10802,69,24,3951.54,164.6475,24,2,🔵 Potential
10803,232,1,294.71999999999997,294.71999999999997,1,0,⚠️  At Risk
10804,66,39,3985.63,102.19564102564102,39,2,🔵 Potential
10805,190,5,250.42,50.083999999999996,5,0,⚠️  At Risk
10806,39,1,130.34,130.34,1,2,🔵 Potential
10807,6,11,676.03,61.45727272727272,11,2,🔵 Potential
10808,62,37,4127.07,111.54243243243242,36,2,🔵 Potential
10809,1,209,68755.56999999999,328.9740191387559,208,1,🏆 Champions
10810,33,4,224.64000000000001,56.160000000000004,4,2,🔵 Potential
10811,8,4,324.03,81.0075,4,2,🔵 Potential
10812,1,141,54728.44,388.1449645390071,140,1,🏆 Champions
10813,10,6,932.48,155.41333333333333,6,2,🔵 Potential
10814,24,5,215.25,43.05,5,2,🔵 Potential
10815,76,32,3494.21,109.1940625,32,2,🔵 Potential
10816,83,25,2799.79,111.9916,25,2,🔵 Potential
10817,13,57,12317.55,216.0973684210526,57,3,💛 Loyal Customers
10818,2,76,32395.73,426.2596052631579,76,1,🏆 Champions
10819,14,49,10498.33,214.25163265306122,49,3,💛 Loyal Customers
10820,24,5,563.9000000000001,112.78000000000002,5,2,🔵 Potential
10821,1,81,27989.09,345.5443209876543,81,3,💛 Loyal Customers
10822,14,51,10493.57,205.75627450980392,51,3,💛 Loyal Customers
10823,15,39,6978.5599999999995,178.93743589743588,39,3,💛 Loyal Customers
10824,77,36,4903.75,136.21527777777777,36,2,🔵 Potential
10825,7,7,454.1,64.87142857142858,7,2,🔵 Potential
10826,12,43,9249.36,215.10139534883723,43,3,💛 Loyal Customers
10827,16,38,8377.9,220.47105263157894,38,3,💛 Loyal Customers
10828,163,6,350.85,58.475,6,0,⚠️  At Risk
10829,79,18,2668.07,148.22611111111112,18,2,🔵 Potential
10830,12,50,11496.49,229.9298,50,3,💛 Loyal Customers
10831,60,36,3827.93,106.33138888888888,36,2,🔵 Potential
10832,1,160,58436.38,365.227375,160,1,🏆 Champions
10833,11,81,14753.68,182.1441975308642,81,3,💛 Loyal Customers
10834,70,27,2221.6,82.28148148148148,27,2,🔵 Potential
10835,109,17,3281.59,193.03470588235294,17,2,🔵 Potential
10836,17,4,241.99,60.4975,4,2,🔵 Potential
10837,10,58,12000.92,206.91241379310344,58,3,💛 Loyal Customers
10838,79,22,3554.67,161.5759090909091,22,2,🔵 Potential
10839,233,12,537.52,44.79333333333333,12,0,⚠️  At Risk
10840,1,88,34046.45,386.89147727272723,88,1,🏆 Champions
10841,291,9,634.37,70.48555555555555,9,0,⚠️  At Risk
10842,17,43,7387.0,171.7906976744186,43,3,💛 Loyal Customers
10843,27,3,313.87,104.62333333333333,3,2,🔵 Potential
10844,1,86,34575.3,402.03837209302327,86,1,🏆 Champions
10845,94,22,2789.76,126.80727272727273,22,2,🔵 Potential
10846,1,195,63211.97,322.5100510204082,193,1,🏆 Champions
10847,21,10,776.37,77.637,10,2,🔵 Potential
10848,67,22,3392.98,154.22636363636363,22,2,🔵 Potential
10849,72,43,4817.23,112.02860465116278,43,2,🔵 Potential
10850,1,207,64502.95,311.6084541062802,205,1,🏆 Champions
10851,191,13,499.03999999999996,38.387692307692305,13,0,⚠️  At Risk
10852,13,58,10650.24,183.6248275862069,58,3,💛 Loyal Customers
10853,42,7,285.37,40.76714285714286,7,2,🔵 Potential
10854,10,71,12686.19,178.6787323943662,71,3,💛 Loyal Customers
10855,13,39,7854.59,201.3997435897436,39,3,💛 Loyal Customers
10856,3,135,52206.28,386.7131851851852,135,1,🏆 Champions
10857,63,40,4295.72,107.393,39,2,🔵 Potential
10858,78,17,2225.5299999999997,130.9135294117647,17,2,🔵 Potential
10859,1,157,52304.36,333.14878980891723,154,1,🏆 Champions
10860,300,9,392.17,43.574444444444445,9,0,⚠️  At Risk
10861,74,23,2536.28,110.27304347826087,23,2,🔵 Potential
10862,63,34,4225.2,124.27058823529411,34,2,🔵 Potential
10863,67,22,2608.29,118.55863636363637,22,2,🔵 Potential
10864,73,16,2569.31,160.581875,16,2,🔵 Potential
10865,64,34,4331.73,127.40382352941175,34,2,🔵 Potential
10866,12,76,14066.16,185.08105263157896,75,3,💛 Loyal Customers
10867,11,81,17258.07,213.06259259259258,81,3,💛 Loyal Customers
10868,13,10,818.84,81.884,10,2,🔵 Potential
10869,6,10,936.5600000000001,93.656,10,2,🔵 Potential
10870,15,63,12171.39,193.19666666666666,63,3,💛 Loyal Customers
10871,12,52,11348.880000000001,218.24769230769232,52,3,💛 Loyal Customers
10872,200,11,673.06,61.18727272727272,11,0,⚠️  At Risk
10873,88,21,3351.34,159.58761904761906,20,2,🔵 Potential
10874,1,149,58927.340000000004,395.48550335570474,149,1,🏆 Champions
10875,11,77,13473.68,174.98285714285714,76,3,💛 Loyal Customers
10876,248,10,359.13,35.913,10,0,⚠️  At Risk
10877,190,7,230.51,32.93,7,0,⚠️  At Risk
10878,1,104,31996.56,307.65923076923076,104,1,🏆 Champions
10879,12,64,10265.33,160.39578125,64,3,💛 Loyal Customers
10880,10,50,9620.86,192.4172,50,3,💛 Loyal Customers
10881,291,9,579.08,64.34222222222223,9,0,⚠️  At Risk
10882,3,153,59107.0,386.32026143790847,153,1,🏆 Champions
10883,1,133,41043.04,308.5942857142857,132,1,🏆 Champions
10884,236,19,588.39,30.967894736842105,19,0,⚠️  At Risk
10885,14,66,11630.06,176.2130303030303,66,3,💛 Loyal Customers
10886,256,8,793.68,99.21,8,0,⚠️  At Risk
10887,17,44,10770.75,244.78977272727272,44,3,💛 Loyal Customers
10888,1,122,45695.55,374.5536885245902,122,1,🏆 Champions
10889,13,82,14973.38,182.6021951219512,82,3,💛 Loyal Customers
10890,232,11,915.5,83.22727272727273,11,0,⚠️  At Risk
10891,19,4,143.95,35.9875,4,2,🔵 Potential
10892,9,4,151.16,37.79,4,2,🔵 Potential
10893,12,58,11977.02,206.50034482758622,58,3,💛 Loyal Customers
10894,213,12,223.8,18.650000000000002,12,0,⚠️  At Risk
10895,14,77,15225.08,197.7283116883117,77,3,💛 Loyal Customers
10896,11,76,11478.56,151.0336842105263,76,3,💛 Loyal Customers
10897,42,4,455.24,113.81,4,2,🔵 Potential
10898,1,146,49302.1,337.68561643835613,145,1,🏆 Champions
10899,1,125,53395.409999999996,427.16328,124,1,🏆 Champions
10900,10,82,13812.67,168.4471951219512,82,3,💛 Loyal Customers
10901,1,87,35216.49,404.78724137931033,86,1,🏆 Champions
10902,12,54,9549.97,176.85129629629628,54,3,💛 Loyal Customers
10903,68,18,1827.15,101.50833333333334,18,2,🔵 Potential
10904,61,30,5073.45,169.11499999999998,30,2,🔵 Potential
10905,36,9,793.73,88.19222222222223,9,2,🔵 Potential
10906,27,6,363.46999999999997,60.578333333333326,6,2,🔵 Potential
10907,12,52,10662.81,205.05403846153845,52,3,💛 Loyal Customers
10908,13,58,10109.37,174.2994827586207,58,3,💛 Loyal Customers
10909,11,43,9084.61,211.27,43,3,💛 Loyal Customers
10910,70,14,2271.09,162.2207142857143,14,2,🔵 Potential
10911,16,51,12853.76,252.03450980392157,50,3,💛 Loyal Customers
10912,313,14,523.74,37.410000000000004,14,0,⚠️  At Risk
10913,63,25,1976.98,79.0792,25,2,🔵 Potential
10914,86,36,3717.7799999999997,103.27166666666666,36,2,🔵 Potential
10915,85,24,3871.99,161.33291666666665,24,2,🔵 Potential
10916,24,42,8889.93,211.66500000000002,42,3,💛 Loyal Customers
10917,30,1,184.24,184.24,1,2,🔵 Potential
10918,198,9,444.6,49.400000000000006,9,0,⚠️  At Risk
10919,2,99,34529.33,348.7811111111111,99,1,🏆 Champions
10920,14,12,546.13,45.51083333333333,12,2,🔵 Potential
10921,108,17,1990.98,117.1164705882353,17,2,🔵 Potential
10922,40,7,334.08,47.72571428571428,7,2,🔵 Potential
10923,156,6,497.6,82.93333333333334,6,0,⚠️  At Risk
10924,77,27,3681.35,136.3462962962963,27,2,🔵 Potential
10925,2,89,31356.96,352.32539325842697,89,1,🏆 Champions
10926,11,52,9914.4,190.66153846153844,51,3,💛 Loyal Customers
10927,64,27,3543.14,131.2274074074074,27,2,🔵 Potential
10928,330,6,91.55,15.258333333333333,6,0,⚠️  At Risk
10929,17,40,10276.83,256.92075,40,3,💛 Loyal Customers
10930,1,104,42583.85,409.46009615384617,103,1,🏆 Champions
10931,11,5,636.0899999999999,127.21799999999999,5,2,🔵 Potential
10932,17,9,741.01,82.33444444444444,9,2,🔵 Potential
10933,90,21,3027.77,144.1795238095238,21,2,🔵 Potential
10934,11,51,9595.6,188.14901960784314,51,3,💛 Loyal Customers
10935,11,51,10177.92,199.5670588235294,51,3,💛 Loyal Customers
10936,1,157,59611.46,379.6908280254777,155,1,🏆 Champions
10937,3,6,510.36,85.06,6,2,🔵 Potential
10938,1,167,64226.44,384.5894610778443,166,1,🏆 Champions
10939,61,31,4398.53,141.88806451612902,31,2,🔵 Potential
10940,16,42,10490.41,249.77166666666668,42,3,💛 Loyal Customers
10941,61,23,2260.74,98.29304347826086,23,2,🔵 Potential
10942,234,11,492.67,44.78818181818182,11,0,⚠️  At Risk
10943,9,10,838.88,83.888,10,2,🔵 Potential
10944,12,64,14327.220000000001,223.86281250000002,64,3,💛 Loyal Customers
10945,2,178,77875.03,437.50016853932584,177,1,🏆 Champions
10946,1,201,60357.86,298.8012871287129,199,1,🏆 Champions
10947,34,4,410.12,102.53,4,2,🔵 Potential
10948,16,9,780.3299999999999,86.70333333333332,9,2,🔵 Potential
10949,69,16,2520.74,157.54625,16,2,🔵 Potential
10950,206,10,489.05,48.905,10,0,⚠️  At Risk
10951,172,3,111.72999999999999,37.24333333333333,3,0,⚠️  At Risk
10952,18,47,7994.01,170.08531914893618,47,3,💛 Loyal Customers
10953,16,7,578.55,82.64999999999999,7,2,🔵 Potential
10954,62,27,3865.98,143.18444444444444,27,2,🔵 Potential
10955,17,78,11987.28,153.68307692307692,78,3,💛 Loyal Customers
10956,77,28,4389.45,156.76607142857142,28,2,🔵 Potential
10957,1,85,29170.44,343.1816470588235,85,3,💛 Loyal Customers
10958,17,49,10843.62,221.2983673469388,49,3,💛 Loyal Customers
10959,289,7,387.14000000000004,55.305714285714295,7,0,⚠️  At Risk
10960,4,132,42339.51,320.75386363636363,131,1,🏆 Champions
10961,218,2,167.52,83.76,2,0,⚠️  At Risk
10962,11,54,13594.04,247.16436363636365,55,3,💛 Loyal Customers
10963,12,49,8990.98,183.48938775510203,48,3,💛 Loyal Customers
10964,11,37,8591.1,232.1918918918919,37,3,💛 Loyal Customers
10965,13,63,13696.98,217.41238095238094,62,3,💛 Loyal Customers
10966,221,10,542.1899999999999,54.218999999999994,10,0,⚠️  At Risk
10967,20,49,13310.67,271.64632653061227,49,3,💛 Loyal Customers
10968,71,24,3174.09,132.25375,24,2,🔵 Potential
10969,67,20,1927.55,96.3775,20,2,🔵 Potential
10970,156,2,247.01,123.505,2,0,⚠️  At Risk
10971,29,3,996.8199999999999,332.2733333333333,3,2,🔵 Potential
10972,330,7,195.76,27.965714285714284,7,0,⚠️  At Risk
10973,12,57,11454.09,200.94894736842105,57,3,💛 Loyal Customers
10974,1,136,44809.91,329.4846323529412,135,1,🏆 Champions
10975,19,48,7737.74,161.20291666666665,48,3,💛 Loyal Customers
10976,60,32,4920.9,153.778125,31,2,🔵 Potential
10977,1,91,36832.33,404.7508791208791,91,1,🏆 Champions
10978,61,26,3176.24,122.16307692307691,26,2,🔵 Potential
10979,74,28,4360.46,155.7307142857143,28,2,🔵 Potential
10980,12,55,11399.539999999999,207.2643636363636,53,3,💛 Loyal Customers
10981,203,16,668.03,41.751875,16,0,⚠️  At Risk
10982,1,138,48527.87,351.651231884058,135,1,🏆 Champions
10983,2,134,44682.85,333.4541044776119,134,1,🏆 Champions
10984,344,4,726.84,181.71,4,0,⚠️  At Risk
10985,62,28,2804.58,100.16357142857143,28,2,🔵 Potential
10986,263,18,744.73,41.37388888888889,18,0,⚠️  At Risk
10987,60,40,3592.37,89.80924999999999,40,2,🔵 Potential
10988,12,55,10443.21,189.87654545454544,55,3,💛 Loyal Customers
10989,37,6,312.34000000000003,52.05666666666667,6,2,🔵 Potential
10990,188,10,460.26,46.025999999999996,10,0,⚠️  At Risk
10991,311,6,873.78,145.63,6,0,⚠️  At Risk
10992,11,69,14445.18,209.3504347826087,69,3,💛 Loyal Customers
10993,66,47,3917.24,83.34553191489361,46,2,🔵 Potential
10994,16,62,10731.1,173.08225806451614,62,3,💛 Loyal Customers
10995,1,191,69329.14,362.97979057591624,188,1,🏆 Champions
10996,40,4,310.78000000000003,77.69500000000001,4,2,🔵 Potential
10997,1,190,62637.26,329.6697894736842,186,1,🏆 Champions
10998,19,6,857.1700000000001,142.86166666666668,6,2,🔵 Potential
10999,67,31,3491.3999999999996,112.62580645161289,31,2,🔵 Potential
